Aaron	3200
Abigail	4875
Adam	4600
Aiden	3750
Alex	5120
Alexandra	44000
Alice	3960
Alicia	4200
Amanda	4800
Amelia	3750
Amy	3250
Andrew	5520
Angela	3860
Anna	4350
Anthony	5290
Ashley	4100
Austin	5150
Ava	4670
Barbara	3900
Benjamin	5630
Bernard	3820
Beverly	3390
Brandon	5680
Brayden	3720
Brian	6150
Brianna	4450
Brittany	4250
Brooklyn	4980
Bruce	3790
Caleb	5150
Cameron	4600
Carl	47600
Carla	3940
Carlos	4250
Caroline	4180
Catherine	4975
Charles	5890
Charlotte	4620
Chloe	3980
Christina	4150
Christopher	5600
Claire	3900
Clara	3650
Cody	4860
Colin	4320
Connor	3790
Corey	4120
Crystal	3530
Cynthia	4730
Daisy	3920
Dakota	4010
Daniel	6230
Danielle	4270
Darren	4570
David	6550
Dawn	3700
Deborah	4050
Dennis	4840
Derek	4140
Diana	3820
Dominic	4850
Donald	5900
Donna	4255
Dylan	5370
Edward	5770
Elijah	4015
Elizabeth	51000
Ella	4590
Emily	4950
Emma	4320
Eric	5690
Ethan	4490
Eva	3870
Evelyn	3950
Faith	4480
Felicity	4060
Fiona	3820
Frances	3640
Frank	5720
Gabriel	4200
Gabriella	4130
Gary	5060
George	5800
Grace	4700
Graham	3840
Gregory	5510
Hailey	3980
Hannah	4350
Harper	3780
Harry	5660
Heather	4400
Hector	3990
Holly	4110
