Adrien	3800
Agathe	4250
Aimée	3900
Alain	4700
Albert	4550
Alexandre	5170
Alice	3980
Alicia	4300
Amandine	4100
Ambre	3760
Amélie	4420
Anaïs	4050
André	4900
Angèle	3870
Annick	4650
Antoine	5300
Arnaud	5480
Astrid	4060
Aubin	3720
Aude	3640
Audrey	4510
Augustin	3830
Aurélie	4160
Aurélien	4270
Axel	5120
Baptiste	49700
Bastien	4820
Benoît	5770
Bernard	4390
Brigitte	41500
Camille	4590
Candice	4030
Cécile	4290
Céleste	3780
Céline	4380
Chantal	4010
Charles	5850
Charlotte	4620
Christelle	3970
Christophe	5200
Claire	4270
Clara	3650
Clémence	3910
Clément	4960
Clémentine	4170
Coralie	4420
Corentin	4830
Corinne	4080
Cyril	4520
Damien	5500
Daniel	6210
David	5870
Denis	4420
Diane	4160
Dorian	3770
Dylan	4530
Ella	4070
Emeline	3720
Emma	4750
Estelle	4070
Ethan	4495
Eva	3870
Fanny	3930
Florence	4140
Florent	4880
Florian	5510
François	5720
Françoise	40200
Frédéric	5800
Gabriel	5110
