Adriano	3720
Alessandra	4260
Alessandro	5410
Alessia	4170
Alice	3830
Andrea	5360
Angela	4050
Angelo	4620
Anna	4270
Antonella	4030
Antonio	5870
Arianna	3910
Aurora	3650
Barbara	4190
Beatrice	4380
Benedetta	4060
Bernardo	5290
Bianca	3810
Bruno	4560
Carla	4400
Carlo	5520
Carmelo	4670
Carmen	4150
Caterina	4080
Cecilia	4720
Chiara	4590
Corrado	5090
Cinzia	3980
Claudia	4310
Clementina	3790
Concetta	3600
Cosimo	3940
Cristian	53700
Cristina	4390
Daniele	5680
Davide	5340
Debora	4020
Diana	4150
Domenico	5470
Donatella	3660
Edoardo	5570
Elena	4250
Eleonora	4120
Elisa	3770
Elisabetta	4240
Emanuele	5500
Emilia	3890
Enrico	5830
Enzo	4680
Fabio	5240
Fabrizio	4430
Federica	45800
Federico	5610
Filippo	5110
Flavio	3970
Francesca	4450
Francesco	5960
Gabriele	5160
Gaia	3730
Gemma	3780
Giancarlo	4250
Gianluca	5320
Gianmarco	4860
Gianni	4500
Gioia	3950
Giorgia	4700
Giovanna	4650
Giovanni	60100
Giulia	4800
Giuliano	4190
Giuseppe	5800
Gloria	4090
Graziella	3750
Guglielmo	4910
Guido	4760
Ilaria	4400
Irene	4300
Isabella	4560
Laura	4950
Leonardo	5170