Adriana	4250
Afonso	5270
Alberto	4860
Alexandre	5150
Alice	4050
Aline	4300
Amanda	4100
Ana	4810
André	5580
Angela	3870
António	5900
Ariana	3760
Artur	5320
Aurora	3640
Beatriz	4550
Bianca	4030
Bruna	4290
Bruno	5720
Caetano	3750
Camila	4570
Carla	4490
Carlos	5920
Carolina	4620
Catarina	4970
Cecília	3780
Celeste	4380
Célia	4010
Cláudia	5850
Cristina	4620
Dalila	3970
Daniel	6200
Davi	5870
David	5420
Débora	4160
Diana	4770
Diogo	5530
Duarte	3770
Edgar	45300
Eduarda	3900
Eduardo	5560
Elias	4300
Ema	4070
Emília	4010
Estêvão	3720
Eva	4460
Fábio	4750
Fátima	3680
Felipe	4495
Fernanda	4090
Fernando	5870
Filipe	3930
Flávia	4140
Francisco	5880
Frederico	5510
Gabriel	5720
Gabriela	4020
Gil	4800
Giovana	3800
Gonçalo	5170
Gui	3960
Guilherme	42000
Gustavo	4800
Helena	3750
Henrique	5250
Hugo	4150
Igor	5520
Inês	3860
Irene	4350
Isabel	5290
Isabela	4100
Isadora	3950
