Ahmet	3850
Aisha	4140
Ali	4560
Alper	5190
Arda	5270
Asli	3920
Aylin	4270
Aysel	4110
Aysun	3760
Ayşe	4380
Barış	4810
Begüm	4520
Belgin	4010
Berk	5150
Bilge	3870
Burak	5290
Burcu	3970
Cem	5400
Cemal	4570
Cemre	4060
Cenk	4630
Deniz	4340
Derya	4180
Didem	4290
Dilan	3810
Dilek	4530
Doruk	5120
Ece	3940
Ediz	5720
Ege	4930
Ela	3920
Elif	4150
Emel	4050
Emir	5470
Emre	5020
Eren	4880
Erol	5590
Esra	4320
Ezgi	4190
Fatih	5210
Ferhat	5070
Feride	3820
Filiz	3960
Firat	4710
Funda	4080
Gamze	4510
Gizem	4170
Gökçe	4130
Gökhan	4890
Gözde	4020
Gül	3730
Gülay	4370
Gülşen	4230
Hakan	5750
Halil	5360
Hande	4640
Handan	3980
Hasan	5180
Hatice	3790
Hayriye	4160
Hilal	3740
Hülya	4620
Hüseyin	5410
Kaan	5000
Kemal	5580
Kerem	5280
Koray	4670
Kubilay	5150
Kübra	3800
Kıvanç	4890
Leyla	4200
Mahmut	4490
Mehmet	56000
Melih	4960
Melike	4090
Mert	4470
Merve	4430
Mesut	5040
Murat	5730
Mustafa	5900
Nergis	4070
Neslihan	4620
Nihal	4400
Nimet	3980
Nur	4210
İbrahim	5530
İlayda	3930
İlkay	4830
İlker	47200
İrem	4310
İsmail	5140